{
  "mean_rpy": [
    -0.000719821673791126,
    0.0014045273011120297,
    -1.0110090349848646e-06
  ],
  "std_rpy": [
    0.0,
    0.0,
    0.0
  ]
}